file_name,processed_at_date,processed_at_time,length_video,fps_video,target_frame_used,vertice_1,vertice_2,vertice_3,vertice_4,projected_q_side,q_factor_distance,tracker_method
GP010016_fast.mp4,23112018,1552,1928.0,23.976023976023978,1,"(628, 105)","(946, 302)","(264, 393)","(559, 698)",464,0.10775862068965517,<TrackerMIL 0x10f8b4f70>
"
"
Crab_ID,Crab_Position,Crab_frame
"GP010016_fast.mp4_crab_(292, 205)","(296, 204)",0
"GP010016_fast.mp4_crab_(292, 205)","(297, 206)",1
"GP010016_fast.mp4_crab_(292, 205)","(298, 205)",2
"GP010016_fast.mp4_crab_(292, 205)","(300, 210)",3
"GP010016_fast.mp4_crab_(292, 205)","(301, 212)",4
"GP010016_fast.mp4_crab_(292, 205)","(302, 212)",5
"GP010016_fast.mp4_crab_(292, 205)","(303, 211)",6
"GP010016_fast.mp4_crab_(292, 205)","(302, 211)",7
"GP010016_fast.mp4_crab_(292, 205)","(302, 211)",8
"GP010016_fast.mp4_crab_(292, 205)","(303, 211)",9
"GP010016_fast.mp4_crab_(292, 205)","(302, 211)",10
"GP010016_fast.mp4_crab_(292, 205)","(303, 210)",11
"GP010016_fast.mp4_crab_(292, 205)","(302, 210)",12
"GP010016_fast.mp4_crab_(292, 205)","(302, 210)",13
"GP010016_fast.mp4_crab_(292, 205)","(303, 210)",14
"GP010016_fast.mp4_crab_(292, 205)","(302, 210)",15
"GP010016_fast.mp4_crab_(292, 205)","(302, 210)",16
"GP010016_fast.mp4_crab_(292, 205)","(302, 210)",17
"GP010016_fast.mp4_crab_(292, 205)","(302, 210)",18
"GP010016_fast.mp4_crab_(292, 205)","(302, 210)",19
"GP010016_fast.mp4_crab_(292, 205)","(301, 210)",20
"GP010016_fast.mp4_crab_(292, 205)","(303, 209)",21
"GP010016_fast.mp4_crab_(292, 205)","(303, 209)",22
"GP010016_fast.mp4_crab_(292, 205)","(302, 209)",23
"GP010016_fast.mp4_crab_(292, 205)","(302, 210)",24
"GP010016_fast.mp4_crab_(292, 205)","(302, 209)",25
"GP010016_fast.mp4_crab_(292, 205)","(302, 209)",26
"GP010016_fast.mp4_crab_(292, 205)","(301, 209)",27
"GP010016_fast.mp4_crab_(292, 205)","(300, 208)",28
"GP010016_fast.mp4_crab_(292, 205)","(300, 208)",29
"GP010016_fast.mp4_crab_(292, 205)","(300, 208)",30
"GP010016_fast.mp4_crab_(292, 205)","(298, 209)",31
"GP010016_fast.mp4_crab_(292, 205)","(299, 209)",32
"GP010016_fast.mp4_crab_(292, 205)","(299, 210)",33
"GP010016_fast.mp4_crab_(292, 205)","(299, 210)",34
"GP010016_fast.mp4_crab_(292, 205)","(298, 209)",35
"GP010016_fast.mp4_crab_(292, 205)","(299, 210)",36
"GP010016_fast.mp4_crab_(292, 205)","(299, 210)",37
"GP010016_fast.mp4_crab_(292, 205)","(299, 210)",38
"GP010016_fast.mp4_crab_(292, 205)","(299, 211)",39
"GP010016_fast.mp4_crab_(292, 205)","(298, 210)",40
"GP010016_fast.mp4_crab_(292, 205)","(298, 210)",41
"GP010016_fast.mp4_crab_(292, 205)","(296, 211)",42
"GP010016_fast.mp4_crab_(292, 205)","(295, 211)",43
"GP010016_fast.mp4_crab_(292, 205)","(293, 211)",44
"GP010016_fast.mp4_crab_(292, 205)","(292, 211)",45
"GP010016_fast.mp4_crab_(292, 205)","(292, 211)",46
"GP010016_fast.mp4_crab_(292, 205)","(291, 212)",47
"GP010016_fast.mp4_crab_(292, 205)","(288, 211)",48
"GP010016_fast.mp4_crab_(292, 205)","(287, 211)",49
"GP010016_fast.mp4_crab_(292, 205)","(286, 210)",50
"GP010016_fast.mp4_crab_(292, 205)","(286, 210)",51
"GP010016_fast.mp4_crab_(292, 205)","(286, 210)",52
"GP010016_fast.mp4_crab_(292, 205)","(285, 211)",53
"GP010016_fast.mp4_crab_(292, 205)","(284, 209)",54
"GP010016_fast.mp4_crab_(292, 205)","(283, 209)",55
"GP010016_fast.mp4_crab_(292, 205)","(283, 209)",56
"GP010016_fast.mp4_crab_(292, 205)","(283, 208)",57
"GP010016_fast.mp4_crab_(292, 205)","(282, 210)",58
"GP010016_fast.mp4_crab_(292, 205)","(282, 209)",59
"GP010016_fast.mp4_crab_(292, 205)","(282, 210)",60
"GP010016_fast.mp4_crab_(292, 205)","(283, 210)",61
"GP010016_fast.mp4_crab_(292, 205)","(282, 209)",62
"GP010016_fast.mp4_crab_(292, 205)","(282, 210)",63
"GP010016_fast.mp4_crab_(292, 205)","(282, 209)",64
"GP010016_fast.mp4_crab_(292, 205)","(282, 210)",65
"GP010016_fast.mp4_crab_(292, 205)","(282, 210)",66
"GP010016_fast.mp4_crab_(292, 205)","(282, 209)",67
"GP010016_fast.mp4_crab_(292, 205)","(282, 210)",68
"GP010016_fast.mp4_crab_(292, 205)","(282, 209)",69
"GP010016_fast.mp4_crab_(292, 205)","(282, 210)",70
"GP010016_fast.mp4_crab_(292, 205)","(282, 209)",71
"GP010016_fast.mp4_crab_(292, 205)","(282, 210)",72
"GP010016_fast.mp4_crab_(292, 205)","(282, 209)",73
"GP010016_fast.mp4_crab_(292, 205)","(283, 210)",74
"GP010016_fast.mp4_crab_(292, 205)","(283, 210)",75
"GP010016_fast.mp4_crab_(292, 205)","(282, 209)",76
"GP010016_fast.mp4_crab_(292, 205)","(283, 210)",77
"GP010016_fast.mp4_crab_(292, 205)","(282, 210)",78
"GP010016_fast.mp4_crab_(292, 205)","(283, 210)",79
"GP010016_fast.mp4_crab_(292, 205)","(283, 210)",80
"GP010016_fast.mp4_crab_(292, 205)","(283, 210)",81
"GP010016_fast.mp4_crab_(292, 205)","(283, 210)",82
"GP010016_fast.mp4_crab_(292, 205)","(283, 210)",83
"GP010016_fast.mp4_crab_(292, 205)","(283, 209)",84
"GP010016_fast.mp4_crab_(292, 205)","(283, 210)",85
"GP010016_fast.mp4_crab_(292, 205)","(282, 210)",86
"GP010016_fast.mp4_crab_(292, 205)","(282, 211)",87
"GP010016_fast.mp4_crab_(292, 205)","(281, 211)",88
"GP010016_fast.mp4_crab_(292, 205)","(281, 211)",89
"GP010016_fast.mp4_crab_(292, 205)","(281, 211)",90
"GP010016_fast.mp4_crab_(292, 205)","(281, 211)",91
"GP010016_fast.mp4_crab_(292, 205)","(281, 211)",92
"GP010016_fast.mp4_crab_(292, 205)","(281, 212)",93
"GP010016_fast.mp4_crab_(292, 205)","(280, 211)",94
"GP010016_fast.mp4_crab_(292, 205)","(280, 212)",95
"GP010016_fast.mp4_crab_(292, 205)","(280, 211)",96
"GP010016_fast.mp4_crab_(292, 205)","(280, 212)",97
"GP010016_fast.mp4_crab_(292, 205)","(280, 212)",98
"GP010016_fast.mp4_crab_(292, 205)","(280, 212)",99
"GP010016_fast.mp4_crab_(292, 205)","(280, 212)",100
"GP010016_fast.mp4_crab_(292, 205)","(280, 212)",101
"GP010016_fast.mp4_crab_(292, 205)","(280, 212)",102
"GP010016_fast.mp4_crab_(292, 205)","(280, 212)",103
"GP010016_fast.mp4_crab_(292, 205)","(280, 212)",104
"GP010016_fast.mp4_crab_(292, 205)","(280, 212)",105
"GP010016_fast.mp4_crab_(292, 205)","(280, 212)",106
"GP010016_fast.mp4_crab_(292, 205)","(278, 213)",107
"GP010016_fast.mp4_crab_(292, 205)","(277, 213)",108
"GP010016_fast.mp4_crab_(292, 205)","(277, 214)",109
"GP010016_fast.mp4_crab_(292, 205)","(276, 213)",110
"GP010016_fast.mp4_crab_(292, 205)","(276, 214)",111
"GP010016_fast.mp4_crab_(292, 205)","(276, 214)",112
"GP010016_fast.mp4_crab_(292, 205)","(276, 214)",113
"GP010016_fast.mp4_crab_(292, 205)","(276, 214)",114
"GP010016_fast.mp4_crab_(292, 205)","(277, 215)",115
"GP010016_fast.mp4_crab_(292, 205)","(277, 215)",116
"GP010016_fast.mp4_crab_(292, 205)","(277, 216)",117
"GP010016_fast.mp4_crab_(292, 205)","(277, 215)",118
"GP010016_fast.mp4_crab_(292, 205)","(277, 216)",119
"GP010016_fast.mp4_crab_(292, 205)","(277, 216)",120
"GP010016_fast.mp4_crab_(292, 205)","(278, 215)",121
"GP010016_fast.mp4_crab_(292, 205)","(277, 216)",122
"GP010016_fast.mp4_crab_(292, 205)","(277, 216)",123
"GP010016_fast.mp4_crab_(292, 205)","(277, 216)",124
"GP010016_fast.mp4_crab_(292, 205)","(278, 216)",125
"GP010016_fast.mp4_crab_(292, 205)","(278, 216)",126
"GP010016_fast.mp4_crab_(292, 205)","(277, 217)",127
"GP010016_fast.mp4_crab_(292, 205)","(278, 216)",128
"GP010016_fast.mp4_crab_(292, 205)","(278, 217)",129
"GP010016_fast.mp4_crab_(292, 205)","(278, 216)",130
"GP010016_fast.mp4_crab_(292, 205)","(278, 216)",131
"GP010016_fast.mp4_crab_(292, 205)","(278, 216)",132
"GP010016_fast.mp4_crab_(292, 205)","(278, 216)",133
"GP010016_fast.mp4_crab_(292, 205)","(278, 216)",134
"GP010016_fast.mp4_crab_(292, 205)","(278, 217)",135
"GP010016_fast.mp4_crab_(292, 205)","(278, 217)",136
"GP010016_fast.mp4_crab_(292, 205)","(277, 217)",137
"GP010016_fast.mp4_crab_(292, 205)","(276, 217)",138
"GP010016_fast.mp4_crab_(292, 205)","(276, 217)",139
"GP010016_fast.mp4_crab_(292, 205)","(276, 217)",140
"GP010016_fast.mp4_crab_(292, 205)","(276, 217)",141
"GP010016_fast.mp4_crab_(292, 205)","(276, 218)",142
"GP010016_fast.mp4_crab_(292, 205)","(275, 217)",143
"GP010016_fast.mp4_crab_(292, 205)","(275, 218)",144
"GP010016_fast.mp4_crab_(292, 205)","(275, 218)",145
"GP010016_fast.mp4_crab_(292, 205)","(275, 218)",146
"GP010016_fast.mp4_crab_(292, 205)","(275, 218)",147
"GP010016_fast.mp4_crab_(292, 205)","(275, 217)",148
"GP010016_fast.mp4_crab_(292, 205)","(275, 217)",149
"GP010016_fast.mp4_crab_(292, 205)","(276, 218)",150
"GP010016_fast.mp4_crab_(292, 205)","(275, 218)",151
"GP010016_fast.mp4_crab_(292, 205)","(275, 218)",152
"GP010016_fast.mp4_crab_(292, 205)","(273, 217)",153
"GP010016_fast.mp4_crab_(292, 205)","(275, 217)",154
"GP010016_fast.mp4_crab_(292, 205)","(275, 218)",155
"GP010016_fast.mp4_crab_(292, 205)","(274, 217)",156
"GP010016_fast.mp4_crab_(292, 205)","(276, 217)",157
"GP010016_fast.mp4_crab_(292, 205)","(276, 217)",158
"GP010016_fast.mp4_crab_(292, 205)","(276, 217)",159
"GP010016_fast.mp4_crab_(292, 205)","(276, 217)",160
"GP010016_fast.mp4_crab_(292, 205)","(276, 217)",161
"GP010016_fast.mp4_crab_(292, 205)","(276, 217)",162
"GP010016_fast.mp4_crab_(292, 205)","(276, 217)",163
"GP010016_fast.mp4_crab_(292, 205)","(276, 217)",164
"GP010016_fast.mp4_crab_(292, 205)","(276, 217)",165
"GP010016_fast.mp4_crab_(292, 205)","(276, 217)",166
"GP010016_fast.mp4_crab_(292, 205)","(276, 217)",167
"GP010016_fast.mp4_crab_(292, 205)","(276, 217)",168
"GP010016_fast.mp4_crab_(292, 205)","(276, 218)",169
"GP010016_fast.mp4_crab_(292, 205)","(276, 217)",170
"GP010016_fast.mp4_crab_(292, 205)","(275, 218)",171
"GP010016_fast.mp4_crab_(292, 205)","(274, 218)",172
"GP010016_fast.mp4_crab_(292, 205)","(276, 218)",173
"GP010016_fast.mp4_crab_(292, 205)","(276, 218)",174
"GP010016_fast.mp4_crab_(292, 205)","(275, 218)",175
"GP010016_fast.mp4_crab_(292, 205)","(276, 218)",176
"GP010016_fast.mp4_crab_(292, 205)","(275, 218)",177
"GP010016_fast.mp4_crab_(292, 205)","(276, 218)",178
"GP010016_fast.mp4_crab_(292, 205)","(275, 218)",179
"GP010016_fast.mp4_crab_(292, 205)","(275, 218)",180
"GP010016_fast.mp4_crab_(292, 205)","(275, 218)",181
"GP010016_fast.mp4_crab_(292, 205)","(275, 218)",182
"GP010016_fast.mp4_crab_(292, 205)","(275, 218)",183
"GP010016_fast.mp4_crab_(292, 205)","(275, 218)",184
"GP010016_fast.mp4_crab_(292, 205)","(275, 218)",185
"GP010016_fast.mp4_crab_(292, 205)","(275, 218)",186
"GP010016_fast.mp4_crab_(292, 205)","(275, 218)",187
"GP010016_fast.mp4_crab_(292, 205)","(275, 218)",188
"GP010016_fast.mp4_crab_(292, 205)","(275, 218)",189
"GP010016_fast.mp4_crab_(292, 205)","(275, 218)",190
"GP010016_fast.mp4_crab_(292, 205)","(274, 219)",191
"GP010016_fast.mp4_crab_(292, 205)","(274, 219)",192
"GP010016_fast.mp4_crab_(292, 205)","(273, 218)",193
"GP010016_fast.mp4_crab_(292, 205)","(273, 218)",194
"GP010016_fast.mp4_crab_(292, 205)","(272, 220)",195
"GP010016_fast.mp4_crab_(292, 205)","(273, 219)",196
"GP010016_fast.mp4_crab_(292, 205)","(273, 218)",197
"GP010016_fast.mp4_crab_(292, 205)","(273, 220)",198
"GP010016_fast.mp4_crab_(292, 205)","(274, 219)",199
"GP010016_fast.mp4_crab_(292, 205)","(274, 219)",200
"GP010016_fast.mp4_crab_(292, 205)","(274, 219)",201
"GP010016_fast.mp4_crab_(292, 205)","(274, 219)",202
"GP010016_fast.mp4_crab_(292, 205)","(275, 219)",203
"GP010016_fast.mp4_crab_(292, 205)","(274, 219)",204
"GP010016_fast.mp4_crab_(292, 205)","(274, 219)",205
"GP010016_fast.mp4_crab_(292, 205)","(275, 220)",206
"GP010016_fast.mp4_crab_(292, 205)","(275, 220)",207
"GP010016_fast.mp4_crab_(292, 205)","(275, 220)",208
"GP010016_fast.mp4_crab_(292, 205)","(274, 219)",209
"GP010016_fast.mp4_crab_(292, 205)","(275, 220)",210
"GP010016_fast.mp4_crab_(292, 205)","(275, 221)",211
"GP010016_fast.mp4_crab_(292, 205)","(275, 220)",212
"GP010016_fast.mp4_crab_(292, 205)","(273, 219)",213
"GP010016_fast.mp4_crab_(292, 205)","(275, 220)",214
"GP010016_fast.mp4_crab_(292, 205)","(275, 220)",215
"GP010016_fast.mp4_crab_(292, 205)","(274, 219)",216
"GP010016_fast.mp4_crab_(292, 205)","(273, 219)",217
"GP010016_fast.mp4_crab_(292, 205)","(273, 219)",218
"GP010016_fast.mp4_crab_(292, 205)","(273, 219)",219
"GP010016_fast.mp4_crab_(292, 205)","(274, 220)",220
"GP010016_fast.mp4_crab_(292, 205)","(274, 219)",221
"GP010016_fast.mp4_crab_(292, 205)","(273, 219)",222
"GP010016_fast.mp4_crab_(292, 205)","(273, 219)",223
"GP010016_fast.mp4_crab_(292, 205)","(273, 219)",224
"GP010016_fast.mp4_crab_(292, 205)","(273, 219)",225
"GP010016_fast.mp4_crab_(292, 205)","(275, 221)",226
"GP010016_fast.mp4_crab_(292, 205)","(274, 219)",227
"GP010016_fast.mp4_crab_(292, 205)","(273, 219)",228
"GP010016_fast.mp4_crab_(292, 205)","(274, 219)",229
"GP010016_fast.mp4_crab_(292, 205)","(273, 219)",230
"GP010016_fast.mp4_crab_(292, 205)","(273, 219)",231
"GP010016_fast.mp4_crab_(292, 205)","(273, 219)",232
"GP010016_fast.mp4_crab_(292, 205)","(273, 219)",233
"GP010016_fast.mp4_crab_(292, 205)","(273, 219)",234
"GP010016_fast.mp4_crab_(292, 205)","(273, 219)",235
"GP010016_fast.mp4_crab_(292, 205)","(273, 219)",236
"GP010016_fast.mp4_crab_(292, 205)","(272, 219)",237
"GP010016_fast.mp4_crab_(292, 205)","(273, 219)",238
"GP010016_fast.mp4_crab_(292, 205)","(273, 219)",239
"GP010016_fast.mp4_crab_(292, 205)","(273, 219)",240
"GP010016_fast.mp4_crab_(292, 205)","(272, 219)",241
"GP010016_fast.mp4_crab_(292, 205)","(272, 219)",242
"GP010016_fast.mp4_crab_(292, 205)","(272, 219)",243
"GP010016_fast.mp4_crab_(292, 205)","(271, 219)",244
"GP010016_fast.mp4_crab_(292, 205)","(271, 217)",245
"GP010016_fast.mp4_crab_(292, 205)","(271, 218)",246
"GP010016_fast.mp4_crab_(292, 205)","(271, 217)",247
"GP010016_fast.mp4_crab_(292, 205)","(271, 217)",248
"GP010016_fast.mp4_crab_(292, 205)","(269, 218)",249
"GP010016_fast.mp4_crab_(292, 205)","(268, 218)",250
"GP010016_fast.mp4_crab_(292, 205)","(267, 218)",251
"GP010016_fast.mp4_crab_(292, 205)","(268, 219)",252
"GP010016_fast.mp4_crab_(292, 205)","(267, 218)",253
"GP010016_fast.mp4_crab_(292, 205)","(267, 219)",254
"GP010016_fast.mp4_crab_(292, 205)","(267, 218)",255
"GP010016_fast.mp4_crab_(292, 205)","(266, 219)",256
"GP010016_fast.mp4_crab_(292, 205)","(266, 219)",257
"GP010016_fast.mp4_crab_(292, 205)","(266, 218)",258
"GP010016_fast.mp4_crab_(292, 205)","(266, 218)",259
"GP010016_fast.mp4_crab_(292, 205)","(266, 218)",260
"GP010016_fast.mp4_crab_(292, 205)","(266, 218)",261
"GP010016_fast.mp4_crab_(292, 205)","(266, 218)",262
"GP010016_fast.mp4_crab_(292, 205)","(266, 219)",263
"GP010016_fast.mp4_crab_(292, 205)","(267, 219)",264
"GP010016_fast.mp4_crab_(292, 205)","(266, 219)",265
"GP010016_fast.mp4_crab_(292, 205)","(265, 219)",266
"GP010016_fast.mp4_crab_(292, 205)","(265, 219)",267
"GP010016_fast.mp4_crab_(292, 205)","(265, 219)",268
"GP010016_fast.mp4_crab_(292, 205)","(266, 218)",269
"GP010016_fast.mp4_crab_(292, 205)","(265, 219)",270
"GP010016_fast.mp4_crab_(292, 205)","(265, 219)",271
"GP010016_fast.mp4_crab_(292, 205)","(266, 218)",272
"GP010016_fast.mp4_crab_(292, 205)","(266, 219)",273
"GP010016_fast.mp4_crab_(292, 205)","(265, 219)",274
"GP010016_fast.mp4_crab_(292, 205)","(265, 219)",275
"GP010016_fast.mp4_crab_(292, 205)","(265, 219)",276
"GP010016_fast.mp4_crab_(292, 205)","(265, 219)",277
"GP010016_fast.mp4_crab_(292, 205)","(265, 219)",278
"GP010016_fast.mp4_crab_(292, 205)","(265, 219)",279
"GP010016_fast.mp4_crab_(292, 205)","(264, 219)",280
"GP010016_fast.mp4_crab_(292, 205)","(264, 219)",281
"GP010016_fast.mp4_crab_(292, 205)","(264, 219)",282
"GP010016_fast.mp4_crab_(292, 205)","(264, 219)",283
"GP010016_fast.mp4_crab_(292, 205)","(264, 219)",284
"GP010016_fast.mp4_crab_(292, 205)","(264, 219)",285
"GP010016_fast.mp4_crab_(292, 205)","(264, 219)",286
"GP010016_fast.mp4_crab_(292, 205)","(264, 219)",287
"GP010016_fast.mp4_crab_(292, 205)","(265, 219)",288
"GP010016_fast.mp4_crab_(292, 205)","(264, 219)",289
"GP010016_fast.mp4_crab_(292, 205)","(264, 219)",290
"GP010016_fast.mp4_crab_(292, 205)","(264, 219)",291
"GP010016_fast.mp4_crab_(292, 205)","(263, 219)",292
"GP010016_fast.mp4_crab_(292, 205)","(263, 219)",293
"GP010016_fast.mp4_crab_(292, 205)","(263, 219)",294
"GP010016_fast.mp4_crab_(292, 205)","(263, 219)",295
"GP010016_fast.mp4_crab_(292, 205)","(263, 219)",296
"GP010016_fast.mp4_crab_(292, 205)","(262, 219)",297
"GP010016_fast.mp4_crab_(292, 205)","(263, 219)",298
"GP010016_fast.mp4_crab_(292, 205)","(262, 219)",299
"GP010016_fast.mp4_crab_(292, 205)","(262, 219)",300
"GP010016_fast.mp4_crab_(292, 205)","(262, 219)",301
"GP010016_fast.mp4_crab_(292, 205)","(262, 219)",302
"GP010016_fast.mp4_crab_(292, 205)","(262, 219)",303
"GP010016_fast.mp4_crab_(292, 205)","(261, 219)",304
"GP010016_fast.mp4_crab_(292, 205)","(261, 219)",305
"GP010016_fast.mp4_crab_(292, 205)","(260, 219)",306
"GP010016_fast.mp4_crab_(292, 205)","(261, 219)",307
"GP010016_fast.mp4_crab_(292, 205)","(261, 219)",308
"GP010016_fast.mp4_crab_(292, 205)","(260, 219)",309
"GP010016_fast.mp4_crab_(292, 205)","(260, 219)",310
"GP010016_fast.mp4_crab_(292, 205)","(259, 219)",311
"GP010016_fast.mp4_crab_(292, 205)","(259, 219)",312
"GP010016_fast.mp4_crab_(292, 205)","(259, 219)",313
"GP010016_fast.mp4_crab_(292, 205)","(259, 219)",314
"GP010016_fast.mp4_crab_(292, 205)","(258, 219)",315
"GP010016_fast.mp4_crab_(292, 205)","(258, 219)",316
"GP010016_fast.mp4_crab_(292, 205)","(258, 219)",317
"GP010016_fast.mp4_crab_(292, 205)","(258, 219)",318
"GP010016_fast.mp4_crab_(292, 205)","(258, 219)",319
"GP010016_fast.mp4_crab_(292, 205)","(257, 219)",320
"GP010016_fast.mp4_crab_(292, 205)","(257, 219)",321
"GP010016_fast.mp4_crab_(292, 205)","(257, 219)",322
"GP010016_fast.mp4_crab_(292, 205)","(257, 220)",323
"GP010016_fast.mp4_crab_(292, 205)","(257, 220)",324
"GP010016_fast.mp4_crab_(292, 205)","(257, 220)",325
"GP010016_fast.mp4_crab_(292, 205)","(256, 219)",326
"GP010016_fast.mp4_crab_(292, 205)","(257, 220)",327
"GP010016_fast.mp4_crab_(292, 205)","(256, 220)",328
"GP010016_fast.mp4_crab_(292, 205)","(256, 220)",329
"GP010016_fast.mp4_crab_(292, 205)","(256, 220)",330
"GP010016_fast.mp4_crab_(292, 205)","(256, 220)",331
"GP010016_fast.mp4_crab_(292, 205)","(256, 220)",332
"GP010016_fast.mp4_crab_(292, 205)","(256, 220)",333
"GP010016_fast.mp4_crab_(292, 205)","(256, 220)",334
"GP010016_fast.mp4_crab_(292, 205)","(256, 220)",335
"GP010016_fast.mp4_crab_(292, 205)","(256, 220)",336
"GP010016_fast.mp4_crab_(292, 205)","(256, 220)",337
"GP010016_fast.mp4_crab_(292, 205)","(256, 220)",338
"GP010016_fast.mp4_crab_(292, 205)","(256, 220)",339
"GP010016_fast.mp4_crab_(292, 205)","(256, 220)",340
"GP010016_fast.mp4_crab_(292, 205)","(256, 219)",341
"GP010016_fast.mp4_crab_(292, 205)","(256, 220)",342
"GP010016_fast.mp4_crab_(292, 205)","(256, 220)",343
"GP010016_fast.mp4_crab_(292, 205)","(256, 220)",344
"GP010016_fast.mp4_crab_(292, 205)","(256, 219)",345
"GP010016_fast.mp4_crab_(292, 205)","(256, 220)",346
"GP010016_fast.mp4_crab_(292, 205)","(256, 219)",347
"GP010016_fast.mp4_crab_(292, 205)","(256, 219)",348
"GP010016_fast.mp4_crab_(292, 205)","(256, 219)",349
"GP010016_fast.mp4_crab_(292, 205)","(256, 220)",350
"GP010016_fast.mp4_crab_(292, 205)","(256, 220)",351
"GP010016_fast.mp4_crab_(292, 205)","(256, 219)",352
"GP010016_fast.mp4_crab_(292, 205)","(256, 220)",353
"GP010016_fast.mp4_crab_(292, 205)","(256, 219)",354
"GP010016_fast.mp4_crab_(292, 205)","(256, 220)",355
"GP010016_fast.mp4_crab_(292, 205)","(257, 220)",356
"GP010016_fast.mp4_crab_(292, 205)","(257, 219)",357
"GP010016_fast.mp4_crab_(292, 205)","(256, 219)",358
"GP010016_fast.mp4_crab_(292, 205)","(256, 219)",359
"GP010016_fast.mp4_crab_(292, 205)","(257, 219)",360
"GP010016_fast.mp4_crab_(292, 205)","(256, 219)",361
"GP010016_fast.mp4_crab_(292, 205)","(256, 219)",362
"GP010016_fast.mp4_crab_(292, 205)","(257, 220)",363
"GP010016_fast.mp4_crab_(292, 205)","(256, 219)",364
"GP010016_fast.mp4_crab_(292, 205)","(256, 219)",365
"GP010016_fast.mp4_crab_(292, 205)","(256, 219)",366
"GP010016_fast.mp4_crab_(292, 205)","(256, 219)",367
"GP010016_fast.mp4_crab_(292, 205)","(256, 219)",368
"GP010016_fast.mp4_crab_(292, 205)","(256, 219)",369
"GP010016_fast.mp4_crab_(292, 205)","(256, 219)",370
"GP010016_fast.mp4_crab_(292, 205)","(256, 219)",371
"GP010016_fast.mp4_crab_(292, 205)","(256, 219)",372
"GP010016_fast.mp4_crab_(292, 205)","(256, 219)",373
"GP010016_fast.mp4_crab_(292, 205)","(256, 219)",374
"GP010016_fast.mp4_crab_(292, 205)","(256, 220)",375
"GP010016_fast.mp4_crab_(292, 205)","(256, 219)",376
"GP010016_fast.mp4_crab_(292, 205)","(256, 219)",377
"GP010016_fast.mp4_crab_(292, 205)","(256, 219)",378
"GP010016_fast.mp4_crab_(292, 205)","(256, 220)",379
"GP010016_fast.mp4_crab_(292, 205)","(256, 219)",380
"GP010016_fast.mp4_crab_(292, 205)","(256, 220)",381
"GP010016_fast.mp4_crab_(292, 205)","(256, 220)",382
"GP010016_fast.mp4_crab_(292, 205)","(256, 220)",383
"GP010016_fast.mp4_crab_(292, 205)","(256, 220)",384
"GP010016_fast.mp4_crab_(292, 205)","(256, 221)",385
"GP010016_fast.mp4_crab_(292, 205)","(256, 221)",386
"GP010016_fast.mp4_crab_(292, 205)","(255, 220)",387
"GP010016_fast.mp4_crab_(292, 205)","(255, 220)",388
"GP010016_fast.mp4_crab_(292, 205)","(256, 221)",389
"GP010016_fast.mp4_crab_(292, 205)","(256, 221)",390
"GP010016_fast.mp4_crab_(292, 205)","(256, 221)",391
"GP010016_fast.mp4_crab_(292, 205)","(256, 221)",392
"GP010016_fast.mp4_crab_(292, 205)","(256, 222)",393
"GP010016_fast.mp4_crab_(292, 205)","(256, 222)",394
"GP010016_fast.mp4_crab_(292, 205)","(256, 222)",395
"GP010016_fast.mp4_crab_(292, 205)","(256, 221)",396
"GP010016_fast.mp4_crab_(292, 205)","(256, 222)",397
"GP010016_fast.mp4_crab_(292, 205)","(256, 222)",398
"GP010016_fast.mp4_crab_(292, 205)","(256, 222)",399
"GP010016_fast.mp4_crab_(292, 205)","(255, 221)",400
"GP010016_fast.mp4_crab_(292, 205)","(255, 222)",401
"GP010016_fast.mp4_crab_(292, 205)","(256, 222)",402
"GP010016_fast.mp4_crab_(292, 205)","(256, 223)",403
"GP010016_fast.mp4_crab_(292, 205)","(255, 222)",404
"GP010016_fast.mp4_crab_(292, 205)","(256, 223)",405
"GP010016_fast.mp4_crab_(292, 205)","(256, 223)",406
"GP010016_fast.mp4_crab_(292, 205)","(256, 223)",407
"GP010016_fast.mp4_crab_(292, 205)","(256, 223)",408
"GP010016_fast.mp4_crab_(292, 205)","(256, 223)",409
"GP010016_fast.mp4_crab_(292, 205)","(256, 223)",410
"GP010016_fast.mp4_crab_(292, 205)","(257, 224)",411
"GP010016_fast.mp4_crab_(292, 205)","(256, 224)",412
"GP010016_fast.mp4_crab_(292, 205)","(256, 224)",413
"GP010016_fast.mp4_crab_(292, 205)","(256, 224)",414
"GP010016_fast.mp4_crab_(292, 205)","(256, 224)",415
"GP010016_fast.mp4_crab_(292, 205)","(256, 224)",416
"GP010016_fast.mp4_crab_(292, 205)","(256, 224)",417
"GP010016_fast.mp4_crab_(292, 205)","(256, 224)",418
"GP010016_fast.mp4_crab_(292, 205)","(256, 224)",419
"GP010016_fast.mp4_crab_(292, 205)","(256, 224)",420
"GP010016_fast.mp4_crab_(292, 205)","(256, 224)",421
"GP010016_fast.mp4_crab_(292, 205)","(256, 223)",422
"GP010016_fast.mp4_crab_(292, 205)","(256, 224)",423
"GP010016_fast.mp4_crab_(292, 205)","(256, 224)",424
"GP010016_fast.mp4_crab_(292, 205)","(256, 224)",425
"GP010016_fast.mp4_crab_(292, 205)","(256, 224)",426
"GP010016_fast.mp4_crab_(292, 205)","(256, 224)",427
"GP010016_fast.mp4_crab_(292, 205)","(256, 224)",428
"GP010016_fast.mp4_crab_(292, 205)","(256, 224)",429
"GP010016_fast.mp4_crab_(292, 205)","(256, 224)",430
"GP010016_fast.mp4_crab_(292, 205)","(256, 224)",431
"GP010016_fast.mp4_crab_(292, 205)","(255, 224)",432
"GP010016_fast.mp4_crab_(292, 205)","(255, 224)",433
"GP010016_fast.mp4_crab_(292, 205)","(255, 224)",434
"GP010016_fast.mp4_crab_(292, 205)","(255, 224)",435
"GP010016_fast.mp4_crab_(292, 205)","(256, 224)",436
"GP010016_fast.mp4_crab_(292, 205)","(256, 224)",437
"GP010016_fast.mp4_crab_(292, 205)","(255, 224)",438
"GP010016_fast.mp4_crab_(292, 205)","(255, 224)",439
"GP010016_fast.mp4_crab_(292, 205)","(255, 223)",440
"GP010016_fast.mp4_crab_(292, 205)","(255, 224)",441
"GP010016_fast.mp4_crab_(292, 205)","(255, 224)",442
"GP010016_fast.mp4_crab_(292, 205)","(255, 223)",443
"GP010016_fast.mp4_crab_(292, 205)","(256, 224)",444
"GP010016_fast.mp4_crab_(292, 205)","(255, 223)",445
"GP010016_fast.mp4_crab_(292, 205)","(255, 224)",446
"GP010016_fast.mp4_crab_(292, 205)","(255, 224)",447
"GP010016_fast.mp4_crab_(292, 205)","(255, 224)",448
"GP010016_fast.mp4_crab_(292, 205)","(255, 224)",449
"GP010016_fast.mp4_crab_(292, 205)","(255, 224)",450
"GP010016_fast.mp4_crab_(292, 205)","(255, 223)",451
"GP010016_fast.mp4_crab_(292, 205)","(255, 225)",452
"GP010016_fast.mp4_crab_(292, 205)","(255, 224)",453
"GP010016_fast.mp4_crab_(292, 205)","(255, 224)",454
"GP010016_fast.mp4_crab_(292, 205)","(254, 224)",455
"GP010016_fast.mp4_crab_(292, 205)","(254, 224)",456
"GP010016_fast.mp4_crab_(292, 205)","(254, 224)",457
"GP010016_fast.mp4_crab_(292, 205)","(254, 225)",458
"GP010016_fast.mp4_crab_(292, 205)","(254, 224)",459
"GP010016_fast.mp4_crab_(292, 205)","(254, 224)",460
"GP010016_fast.mp4_crab_(292, 205)","(254, 224)",461
"GP010016_fast.mp4_crab_(292, 205)","(254, 225)",462
"GP010016_fast.mp4_crab_(292, 205)","(254, 224)",463
"GP010016_fast.mp4_crab_(292, 205)","(254, 225)",464
"GP010016_fast.mp4_crab_(292, 205)","(254, 225)",465
"GP010016_fast.mp4_crab_(292, 205)","(254, 225)",466
"GP010016_fast.mp4_crab_(292, 205)","(254, 225)",467
"GP010016_fast.mp4_crab_(292, 205)","(254, 225)",468
"GP010016_fast.mp4_crab_(292, 205)","(254, 225)",469
"GP010016_fast.mp4_crab_(292, 205)","(254, 225)",470
"GP010016_fast.mp4_crab_(292, 205)","(254, 225)",471
"GP010016_fast.mp4_crab_(292, 205)","(254, 225)",472
"GP010016_fast.mp4_crab_(292, 205)","(254, 225)",473
"GP010016_fast.mp4_crab_(292, 205)","(254, 225)",474
"GP010016_fast.mp4_crab_(292, 205)","(254, 225)",475
"GP010016_fast.mp4_crab_(292, 205)","(254, 225)",476
"GP010016_fast.mp4_crab_(292, 205)","(254, 225)",477
"GP010016_fast.mp4_crab_(292, 205)","(254, 225)",478
"GP010016_fast.mp4_crab_(292, 205)","(254, 225)",479
"GP010016_fast.mp4_crab_(292, 205)","(254, 225)",480
"GP010016_fast.mp4_crab_(292, 205)","(254, 225)",481
"GP010016_fast.mp4_crab_(292, 205)","(254, 225)",482
"GP010016_fast.mp4_crab_(292, 205)","(254, 225)",483
"GP010016_fast.mp4_crab_(292, 205)","(254, 225)",484
"GP010016_fast.mp4_crab_(292, 205)","(254, 225)",485
"GP010016_fast.mp4_crab_(292, 205)","(253, 224)",486
"GP010016_fast.mp4_crab_(292, 205)","(253, 225)",487
"GP010016_fast.mp4_crab_(292, 205)","(253, 224)",488
"GP010016_fast.mp4_crab_(292, 205)","(253, 224)",489
"GP010016_fast.mp4_crab_(292, 205)","(253, 224)",490
"GP010016_fast.mp4_crab_(292, 205)","(253, 224)",491
"GP010016_fast.mp4_crab_(292, 205)","(253, 224)",492
"GP010016_fast.mp4_crab_(292, 205)","(253, 224)",493
"GP010016_fast.mp4_crab_(292, 205)","(253, 224)",494
"GP010016_fast.mp4_crab_(292, 205)","(254, 224)",495
"GP010016_fast.mp4_crab_(292, 205)","(253, 224)",496
"GP010016_fast.mp4_crab_(292, 205)","(253, 224)",497
"GP010016_fast.mp4_crab_(292, 205)","(253, 224)",498
"GP010016_fast.mp4_crab_(292, 205)","(253, 224)",499
"GP010016_fast.mp4_crab_(292, 205)","(253, 224)",500
"GP010016_fast.mp4_crab_(292, 205)","(253, 224)",501
"GP010016_fast.mp4_crab_(292, 205)","(253, 224)",502
"GP010016_fast.mp4_crab_(292, 205)","(253, 224)",503
"GP010016_fast.mp4_crab_(292, 205)","(253, 224)",504
"GP010016_fast.mp4_crab_(292, 205)","(253, 224)",505
"GP010016_fast.mp4_crab_(292, 205)","(253, 224)",506
"GP010016_fast.mp4_crab_(292, 205)","(253, 224)",507
"GP010016_fast.mp4_crab_(292, 205)","(253, 224)",508
"GP010016_fast.mp4_crab_(292, 205)","(253, 224)",509
"GP010016_fast.mp4_crab_(292, 205)","(254, 224)",510
"GP010016_fast.mp4_crab_(292, 205)","(253, 224)",511
"GP010016_fast.mp4_crab_(292, 205)","(253, 224)",512
"GP010016_fast.mp4_crab_(292, 205)","(253, 224)",513
"GP010016_fast.mp4_crab_(292, 205)","(253, 224)",514
"GP010016_fast.mp4_crab_(292, 205)","(253, 224)",515
"GP010016_fast.mp4_crab_(292, 205)","(253, 224)",516
"GP010016_fast.mp4_crab_(292, 205)","(254, 225)",517
"GP010016_fast.mp4_crab_(292, 205)","(253, 224)",518
"GP010016_fast.mp4_crab_(292, 205)","(253, 224)",519
"GP010016_fast.mp4_crab_(292, 205)","(253, 224)",520
"GP010016_fast.mp4_crab_(292, 205)","(253, 224)",521
"GP010016_fast.mp4_crab_(292, 205)","(253, 223)",522
"GP010016_fast.mp4_crab_(292, 205)","(253, 223)",523
"GP010016_fast.mp4_crab_(292, 205)","(253, 223)",524
"GP010016_fast.mp4_crab_(292, 205)","(253, 223)",525
"GP010016_fast.mp4_crab_(292, 205)","(253, 223)",526
"GP010016_fast.mp4_crab_(292, 205)","(253, 223)",527
"GP010016_fast.mp4_crab_(292, 205)","(253, 224)",528
"GP010016_fast.mp4_crab_(292, 205)","(253, 223)",529
"GP010016_fast.mp4_crab_(292, 205)","(253, 223)",530
"GP010016_fast.mp4_crab_(292, 205)","(253, 223)",531
"GP010016_fast.mp4_crab_(292, 205)","(253, 223)",532
"GP010016_fast.mp4_crab_(292, 205)","(253, 223)",533
"GP010016_fast.mp4_crab_(292, 205)","(253, 223)",534
"GP010016_fast.mp4_crab_(292, 205)","(253, 224)",535
"GP010016_fast.mp4_crab_(292, 205)","(253, 224)",536
"GP010016_fast.mp4_crab_(292, 205)","(254, 223)",537
"GP010016_fast.mp4_crab_(292, 205)","(254, 223)",538
"GP010016_fast.mp4_crab_(292, 205)","(253, 223)",539
"GP010016_fast.mp4_crab_(292, 205)","(253, 223)",540
"GP010016_fast.mp4_crab_(292, 205)","(253, 223)",541
"GP010016_fast.mp4_crab_(292, 205)","(253, 223)",542
"GP010016_fast.mp4_crab_(292, 205)","(253, 224)",543
"GP010016_fast.mp4_crab_(292, 205)","(252, 223)",544
"GP010016_fast.mp4_crab_(292, 205)","(252, 224)",545
"GP010016_fast.mp4_crab_(292, 205)","(252, 224)",546
"GP010016_fast.mp4_crab_(292, 205)","(251, 224)",547
"GP010016_fast.mp4_crab_(292, 205)","(251, 224)",548
"GP010016_fast.mp4_crab_(292, 205)","(251, 225)",549
"GP010016_fast.mp4_crab_(292, 205)","(251, 224)",550
"GP010016_fast.mp4_crab_(292, 205)","(251, 224)",551
"GP010016_fast.mp4_crab_(292, 205)","(251, 224)",552
"GP010016_fast.mp4_crab_(292, 205)","(251, 224)",553
"GP010016_fast.mp4_crab_(292, 205)","(251, 225)",554
"GP010016_fast.mp4_crab_(292, 205)","(251, 224)",555
"GP010016_fast.mp4_crab_(292, 205)","(251, 224)",556
"GP010016_fast.mp4_crab_(292, 205)","(251, 224)",557
"GP010016_fast.mp4_crab_(292, 205)","(251, 225)",558
"GP010016_fast.mp4_crab_(292, 205)","(251, 224)",559
"GP010016_fast.mp4_crab_(292, 205)","(251, 225)",560
"GP010016_fast.mp4_crab_(292, 205)","(251, 225)",561
"GP010016_fast.mp4_crab_(292, 205)","(251, 225)",562
"GP010016_fast.mp4_crab_(292, 205)","(251, 225)",563
"GP010016_fast.mp4_crab_(292, 205)","(251, 225)",564
"GP010016_fast.mp4_crab_(292, 205)","(251, 225)",565
"GP010016_fast.mp4_crab_(292, 205)","(251, 225)",566
"GP010016_fast.mp4_crab_(292, 205)","(251, 225)",567
"GP010016_fast.mp4_crab_(292, 205)","(251, 225)",568
"GP010016_fast.mp4_crab_(292, 205)","(251, 225)",569
"GP010016_fast.mp4_crab_(292, 205)","(251, 225)",570
"GP010016_fast.mp4_crab_(292, 205)","(251, 225)",571
"GP010016_fast.mp4_crab_(292, 205)","(251, 225)",572
"GP010016_fast.mp4_crab_(292, 205)","(251, 225)",573
"GP010016_fast.mp4_crab_(292, 205)","(251, 225)",574
"GP010016_fast.mp4_crab_(292, 205)","(251, 225)",575
"GP010016_fast.mp4_crab_(292, 205)","(251, 225)",576
"GP010016_fast.mp4_crab_(292, 205)","(251, 225)",577
"GP010016_fast.mp4_crab_(292, 205)","(251, 225)",578
"GP010016_fast.mp4_crab_(292, 205)","(251, 225)",579
"GP010016_fast.mp4_crab_(292, 205)","(251, 225)",580
"GP010016_fast.mp4_crab_(292, 205)","(251, 225)",581
"GP010016_fast.mp4_crab_(292, 205)","(251, 225)",582
"GP010016_fast.mp4_crab_(292, 205)","(251, 225)",583
"GP010016_fast.mp4_crab_(292, 205)","(251, 226)",584
"GP010016_fast.mp4_crab_(292, 205)","(251, 226)",585
"GP010016_fast.mp4_crab_(292, 205)","(251, 226)",586
"GP010016_fast.mp4_crab_(292, 205)","(251, 226)",587
"GP010016_fast.mp4_crab_(292, 205)","(251, 226)",588
"GP010016_fast.mp4_crab_(292, 205)","(251, 226)",589
"GP010016_fast.mp4_crab_(292, 205)","(251, 226)",590
"GP010016_fast.mp4_crab_(292, 205)","(251, 226)",591
"GP010016_fast.mp4_crab_(292, 205)","(251, 226)",592
"GP010016_fast.mp4_crab_(292, 205)","(251, 226)",593
"GP010016_fast.mp4_crab_(292, 205)","(251, 226)",594
"GP010016_fast.mp4_crab_(292, 205)","(251, 226)",595
"GP010016_fast.mp4_crab_(292, 205)","(251, 226)",596
"GP010016_fast.mp4_crab_(292, 205)","(250, 225)",597
"GP010016_fast.mp4_crab_(292, 205)","(251, 226)",598
"GP010016_fast.mp4_crab_(292, 205)","(251, 226)",599
"GP010016_fast.mp4_crab_(292, 205)","(251, 226)",600
"GP010016_fast.mp4_crab_(292, 205)","(251, 226)",601
"GP010016_fast.mp4_crab_(292, 205)","(251, 226)",602
"GP010016_fast.mp4_crab_(292, 205)","(251, 226)",603
"GP010016_fast.mp4_crab_(292, 205)","(251, 226)",604
"GP010016_fast.mp4_crab_(292, 205)","(252, 227)",605
"GP010016_fast.mp4_crab_(292, 205)","(251, 226)",606
"GP010016_fast.mp4_crab_(292, 205)","(251, 226)",607
"GP010016_fast.mp4_crab_(292, 205)","(251, 226)",608
"GP010016_fast.mp4_crab_(292, 205)","(251, 226)",609
"GP010016_fast.mp4_crab_(292, 205)","(251, 226)",610
"GP010016_fast.mp4_crab_(292, 205)","(250, 226)",611
"GP010016_fast.mp4_crab_(292, 205)","(250, 226)",612
"GP010016_fast.mp4_crab_(292, 205)","(249, 225)",613
"GP010016_fast.mp4_crab_(292, 205)","(250, 226)",614
"GP010016_fast.mp4_crab_(292, 205)","(250, 226)",615
"GP010016_fast.mp4_crab_(292, 205)","(250, 226)",616
"GP010016_fast.mp4_crab_(292, 205)","(249, 225)",617
"GP010016_fast.mp4_crab_(292, 205)","(249, 225)",618
"GP010016_fast.mp4_crab_(292, 205)","(250, 225)",619
"GP010016_fast.mp4_crab_(292, 205)","(250, 225)",620
"GP010016_fast.mp4_crab_(292, 205)","(249, 225)",621
"GP010016_fast.mp4_crab_(292, 205)","(250, 224)",622
"GP010016_fast.mp4_crab_(292, 205)","(250, 224)",623
"GP010016_fast.mp4_crab_(292, 205)","(248, 224)",624
"GP010016_fast.mp4_crab_(292, 205)","(250, 224)",625
"GP010016_fast.mp4_crab_(292, 205)","(249, 223)",626
"GP010016_fast.mp4_crab_(292, 205)","(249, 223)",627
"GP010016_fast.mp4_crab_(292, 205)","(249, 223)",628
"GP010016_fast.mp4_crab_(292, 205)","(249, 223)",629
"GP010016_fast.mp4_crab_(292, 205)","(249, 223)",630
"GP010016_fast.mp4_crab_(292, 205)","(249, 223)",631
"GP010016_fast.mp4_crab_(292, 205)","(249, 223)",632
"GP010016_fast.mp4_crab_(292, 205)","(249, 223)",633
"GP010016_fast.mp4_crab_(292, 205)","(249, 223)",634
"GP010016_fast.mp4_crab_(292, 205)","(249, 223)",635
"GP010016_fast.mp4_crab_(292, 205)","(249, 223)",636
"GP010016_fast.mp4_crab_(292, 205)","(249, 223)",637
"GP010016_fast.mp4_crab_(292, 205)","(248, 223)",638
"GP010016_fast.mp4_crab_(292, 205)","(249, 223)",639
"GP010016_fast.mp4_crab_(292, 205)","(249, 223)",640
"GP010016_fast.mp4_crab_(292, 205)","(249, 223)",641
"GP010016_fast.mp4_crab_(292, 205)","(249, 223)",642
"GP010016_fast.mp4_crab_(292, 205)","(249, 223)",643
"GP010016_fast.mp4_crab_(292, 205)","(249, 223)",644
"GP010016_fast.mp4_crab_(292, 205)","(249, 223)",645
"GP010016_fast.mp4_crab_(292, 205)","(249, 223)",646
"GP010016_fast.mp4_crab_(292, 205)","(249, 223)",647
"GP010016_fast.mp4_crab_(292, 205)","(248, 223)",648
"GP010016_fast.mp4_crab_(292, 205)","(248, 223)",649
"GP010016_fast.mp4_crab_(292, 205)","(248, 223)",650
"GP010016_fast.mp4_crab_(292, 205)","(248, 223)",651
"GP010016_fast.mp4_crab_(292, 205)","(248, 223)",652
"GP010016_fast.mp4_crab_(292, 205)","(249, 224)",653
"GP010016_fast.mp4_crab_(292, 205)","(249, 223)",654
"GP010016_fast.mp4_crab_(292, 205)","(249, 223)",655
"GP010016_fast.mp4_crab_(292, 205)","(249, 223)",656
"GP010016_fast.mp4_crab_(292, 205)","(249, 223)",657
"GP010016_fast.mp4_crab_(292, 205)","(249, 223)",658
"GP010016_fast.mp4_crab_(292, 205)","(249, 223)",659
"GP010016_fast.mp4_crab_(292, 205)","(249, 223)",660
"GP010016_fast.mp4_crab_(292, 205)","(249, 223)",661
"GP010016_fast.mp4_crab_(292, 205)","(249, 223)",662
"GP010016_fast.mp4_crab_(292, 205)","(249, 223)",663
"GP010016_fast.mp4_crab_(292, 205)","(249, 223)",664
"GP010016_fast.mp4_crab_(292, 205)","(249, 223)",665
"GP010016_fast.mp4_crab_(292, 205)","(248, 222)",666
"GP010016_fast.mp4_crab_(292, 205)","(249, 223)",667
"GP010016_fast.mp4_crab_(292, 205)","(249, 222)",668
"GP010016_fast.mp4_crab_(292, 205)","(249, 223)",669
"GP010016_fast.mp4_crab_(292, 205)","(249, 222)",670
"GP010016_fast.mp4_crab_(292, 205)","(248, 222)",671
"GP010016_fast.mp4_crab_(292, 205)","(248, 223)",672
"GP010016_fast.mp4_crab_(292, 205)","(248, 222)",673
"GP010016_fast.mp4_crab_(292, 205)","(248, 223)",674
"GP010016_fast.mp4_crab_(292, 205)","(248, 222)",675
"GP010016_fast.mp4_crab_(292, 205)","(248, 222)",676
"GP010016_fast.mp4_crab_(292, 205)","(248, 222)",677
"GP010016_fast.mp4_crab_(292, 205)","(248, 222)",678
"GP010016_fast.mp4_crab_(292, 205)","(247, 222)",679
"GP010016_fast.mp4_crab_(292, 205)","(247, 222)",680
"GP010016_fast.mp4_crab_(292, 205)","(248, 222)",681
"GP010016_fast.mp4_crab_(292, 205)","(248, 223)",682
"GP010016_fast.mp4_crab_(292, 205)","(247, 222)",683
"GP010016_fast.mp4_crab_(292, 205)","(247, 222)",684
"GP010016_fast.mp4_crab_(292, 205)","(247, 222)",685
"GP010016_fast.mp4_crab_(292, 205)","(248, 222)",686
"GP010016_fast.mp4_crab_(292, 205)","(247, 223)",687
"GP010016_fast.mp4_crab_(292, 205)","(248, 222)",688
"GP010016_fast.mp4_crab_(292, 205)","(248, 223)",689
"GP010016_fast.mp4_crab_(292, 205)","(248, 223)",690
"GP010016_fast.mp4_crab_(292, 205)","(248, 223)",691
"GP010016_fast.mp4_crab_(292, 205)","(248, 223)",692
"GP010016_fast.mp4_crab_(292, 205)","(248, 223)",693
"GP010016_fast.mp4_crab_(292, 205)","(248, 223)",694
"GP010016_fast.mp4_crab_(292, 205)","(248, 223)",695
"GP010016_fast.mp4_crab_(292, 205)","(248, 224)",696
"GP010016_fast.mp4_crab_(292, 205)","(248, 224)",697
"GP010016_fast.mp4_crab_(292, 205)","(247, 224)",698
"GP010016_fast.mp4_crab_(292, 205)","(247, 223)",699
"GP010016_fast.mp4_crab_(292, 205)","(248, 223)",700
"GP010016_fast.mp4_crab_(292, 205)","(249, 223)",701
"GP010016_fast.mp4_crab_(292, 205)","(249, 222)",702
"GP010016_fast.mp4_crab_(292, 205)","(249, 222)",703
"GP010016_fast.mp4_crab_(292, 205)","(249, 222)",704
"GP010016_fast.mp4_crab_(292, 205)","(249, 222)",705
"GP010016_fast.mp4_crab_(292, 205)","(249, 221)",706
"GP010016_fast.mp4_crab_(292, 205)","(249, 221)",707
"GP010016_fast.mp4_crab_(292, 205)","(248, 221)",708
"GP010016_fast.mp4_crab_(292, 205)","(248, 220)",709
"GP010016_fast.mp4_crab_(292, 205)","(248, 221)",710
"GP010016_fast.mp4_crab_(292, 205)","(248, 221)",711
"GP010016_fast.mp4_crab_(292, 205)","(248, 220)",712
"GP010016_fast.mp4_crab_(292, 205)","(247, 221)",713
"GP010016_fast.mp4_crab_(292, 205)","(247, 220)",714
"GP010016_fast.mp4_crab_(292, 205)","(247, 221)",715
"GP010016_fast.mp4_crab_(292, 205)","(247, 220)",716
"GP010016_fast.mp4_crab_(292, 205)","(246, 221)",717
"GP010016_fast.mp4_crab_(292, 205)","(246, 221)",718
"GP010016_fast.mp4_crab_(292, 205)","(246, 221)",719
"GP010016_fast.mp4_crab_(292, 205)","(246, 221)",720
"GP010016_fast.mp4_crab_(292, 205)","(245, 222)",721
"GP010016_fast.mp4_crab_(292, 205)","(245, 222)",722
"GP010016_fast.mp4_crab_(292, 205)","(245, 222)",723
"GP010016_fast.mp4_crab_(292, 205)","(245, 221)",724
"GP010016_fast.mp4_crab_(292, 205)","(244, 222)",725
"GP010016_fast.mp4_crab_(292, 205)","(245, 221)",726
"GP010016_fast.mp4_crab_(292, 205)","(244, 222)",727
"GP010016_fast.mp4_crab_(292, 205)","(244, 221)",728
"GP010016_fast.mp4_crab_(292, 205)","(243, 221)",729
"GP010016_fast.mp4_crab_(292, 205)","(244, 221)",730
"GP010016_fast.mp4_crab_(292, 205)","(246, 221)",731
"GP010016_fast.mp4_crab_(292, 205)","(246, 221)",732
"GP010016_fast.mp4_crab_(292, 205)","(247, 221)",733
"GP010016_fast.mp4_crab_(292, 205)","(247, 220)",734
"GP010016_fast.mp4_crab_(292, 205)","(248, 221)",735
"GP010016_fast.mp4_crab_(292, 205)","(249, 220)",736
"GP010016_fast.mp4_crab_(292, 205)","(250, 220)",737
"GP010016_fast.mp4_crab_(292, 205)","(250, 220)",738
"GP010016_fast.mp4_crab_(292, 205)","(250, 221)",739
"GP010016_fast.mp4_crab_(292, 205)","(250, 220)",740
"GP010016_fast.mp4_crab_(292, 205)","(250, 219)",741
"GP010016_fast.mp4_crab_(292, 205)","(250, 219)",742
"GP010016_fast.mp4_crab_(292, 205)","(249, 219)",743
"GP010016_fast.mp4_crab_(292, 205)","(250, 219)",744
"GP010016_fast.mp4_crab_(292, 205)","(251, 219)",745
"GP010016_fast.mp4_crab_(292, 205)","(250, 218)",746
"GP010016_fast.mp4_crab_(292, 205)","(252, 217)",747
"GP010016_fast.mp4_crab_(292, 205)","(253, 216)",748
"GP010016_fast.mp4_crab_(292, 205)","(254, 216)",749
"GP010016_fast.mp4_crab_(292, 205)","(255, 215)",750
"GP010016_fast.mp4_crab_(292, 205)","(256, 214)",751
"GP010016_fast.mp4_crab_(292, 205)","(256, 214)",752
"GP010016_fast.mp4_crab_(292, 205)","(258, 214)",753
"GP010016_fast.mp4_crab_(292, 205)","(257, 213)",754
"GP010016_fast.mp4_crab_(292, 205)","(259, 213)",755
"GP010016_fast.mp4_crab_(292, 205)","(259, 212)",756
"GP010016_fast.mp4_crab_(292, 205)","(258, 212)",757
"GP010016_fast.mp4_crab_(292, 205)","(258, 212)",758
"GP010016_fast.mp4_crab_(292, 205)","(258, 211)",759
"GP010016_fast.mp4_crab_(292, 205)","(258, 211)",760
"GP010016_fast.mp4_crab_(292, 205)","(258, 210)",761
"GP010016_fast.mp4_crab_(292, 205)","(259, 212)",762
"GP010016_fast.mp4_crab_(292, 205)","(259, 210)",763
"GP010016_fast.mp4_crab_(292, 205)","(260, 208)",764
"GP010016_fast.mp4_crab_(292, 205)","(260, 207)",765
"GP010016_fast.mp4_crab_(292, 205)","(261, 208)",766
"GP010016_fast.mp4_crab_(292, 205)","(261, 206)",767
"GP010016_fast.mp4_crab_(292, 205)","(261, 205)",768
"GP010016_fast.mp4_crab_(292, 205)","(262, 204)",769
"GP010016_fast.mp4_crab_(292, 205)","(262, 204)",770
"GP010016_fast.mp4_crab_(292, 205)","(263, 203)",771
"GP010016_fast.mp4_crab_(292, 205)","(264, 203)",772
"GP010016_fast.mp4_crab_(292, 205)","(263, 203)",773
"GP010016_fast.mp4_crab_(292, 205)","(266, 202)",774
"GP010016_fast.mp4_crab_(292, 205)","(267, 200)",775
"GP010016_fast.mp4_crab_(292, 205)","(269, 199)",776
"GP010016_fast.mp4_crab_(292, 205)","(272, 198)",777
"GP010016_fast.mp4_crab_(292, 205)","(273, 197)",778
"GP010016_fast.mp4_crab_(292, 205)","(275, 196)",779
"GP010016_fast.mp4_crab_(292, 205)","(275, 196)",780
"GP010016_fast.mp4_crab_(292, 205)","(277, 195)",781
"GP010016_fast.mp4_crab_(292, 205)","(278, 195)",782
"GP010016_fast.mp4_crab_(292, 205)","(281, 194)",783
"GP010016_fast.mp4_crab_(292, 205)","(282, 194)",784
"GP010016_fast.mp4_crab_(292, 205)","(285, 195)",785
"GP010016_fast.mp4_crab_(292, 205)","(288, 196)",786
"GP010016_fast.mp4_crab_(292, 205)","(290, 195)",787
"GP010016_fast.mp4_crab_(292, 205)","(294, 197)",788
"GP010016_fast.mp4_crab_(292, 205)","(296, 198)",789
"GP010016_fast.mp4_crab_(292, 205)","(296, 199)",790
"GP010016_fast.mp4_crab_(292, 205)","(298, 198)",791
"GP010016_fast.mp4_crab_(292, 205)","(297, 200)",792
"GP010016_fast.mp4_crab_(292, 205)","(302, 203)",793
"GP010016_fast.mp4_crab_(292, 205)","(304, 204)",794
"GP010016_fast.mp4_crab_(292, 205)","(304, 206)",795
"GP010016_fast.mp4_crab_(292, 205)","(308, 207)",796
"GP010016_fast.mp4_crab_(292, 205)","(313, 210)",797
"GP010016_fast.mp4_crab_(292, 205)","(313, 209)",798
"GP010016_fast.mp4_crab_(292, 205)","(315, 211)",799
"GP010016_fast.mp4_crab_(292, 205)","(316, 211)",800
"GP010016_fast.mp4_crab_(292, 205)","(317, 211)",801
"GP010016_fast.mp4_crab_(292, 205)","(317, 211)",802
"GP010016_fast.mp4_crab_(292, 205)","(317, 211)",803
"GP010016_fast.mp4_crab_(292, 205)","(317, 212)",804
"GP010016_fast.mp4_crab_(292, 205)","(317, 212)",805
"GP010016_fast.mp4_crab_(292, 205)","(317, 212)",806
"GP010016_fast.mp4_crab_(292, 205)","(317, 212)",807
"GP010016_fast.mp4_crab_(292, 205)","(317, 211)",808
"GP010016_fast.mp4_crab_(292, 205)","(319, 212)",809
"GP010016_fast.mp4_crab_(292, 205)","(320, 212)",810
"GP010016_fast.mp4_crab_(292, 205)","(323, 215)",811
"GP010016_fast.mp4_crab_(292, 205)","(324, 215)",812
"GP010016_fast.mp4_crab_(292, 205)","(326, 218)",813
"GP010016_fast.mp4_crab_(292, 205)","(327, 218)",814
"GP010016_fast.mp4_crab_(292, 205)","(330, 221)",815
"GP010016_fast.mp4_crab_(292, 205)","(331, 222)",816
"GP010016_fast.mp4_crab_(292, 205)","(333, 224)",817
"GP010016_fast.mp4_crab_(292, 205)","(332, 225)",818
"GP010016_fast.mp4_crab_(292, 205)","(332, 225)",819
"GP010016_fast.mp4_crab_(292, 205)","(332, 225)",820
"GP010016_fast.mp4_crab_(292, 205)","(333, 226)",821
"GP010016_fast.mp4_crab_(292, 205)","(333, 226)",822
"GP010016_fast.mp4_crab_(292, 205)","(333, 226)",823
"GP010016_fast.mp4_crab_(292, 205)","(333, 226)",824
"GP010016_fast.mp4_crab_(292, 205)","(333, 226)",825
"GP010016_fast.mp4_crab_(292, 205)","(334, 226)",826
"GP010016_fast.mp4_crab_(292, 205)","(334, 227)",827
"GP010016_fast.mp4_crab_(292, 205)","(334, 227)",828
"GP010016_fast.mp4_crab_(292, 205)","(336, 228)",829
"GP010016_fast.mp4_crab_(292, 205)","(336, 228)",830
"GP010016_fast.mp4_crab_(292, 205)","(337, 230)",831
"GP010016_fast.mp4_crab_(292, 205)","(337, 230)",832
"GP010016_fast.mp4_crab_(292, 205)","(339, 231)",833
"GP010016_fast.mp4_crab_(292, 205)","(340, 232)",834
"GP010016_fast.mp4_crab_(292, 205)","(341, 233)",835
"GP010016_fast.mp4_crab_(292, 205)","(342, 234)",836
"GP010016_fast.mp4_crab_(292, 205)","(342, 234)",837
"GP010016_fast.mp4_crab_(292, 205)","(342, 234)",838
"GP010016_fast.mp4_crab_(292, 205)","(342, 234)",839
"GP010016_fast.mp4_crab_(292, 205)","(342, 234)",840
"GP010016_fast.mp4_crab_(292, 205)","(342, 234)",841
"GP010016_fast.mp4_crab_(292, 205)","(342, 234)",842
"GP010016_fast.mp4_crab_(292, 205)","(342, 234)",843
"GP010016_fast.mp4_crab_(292, 205)","(342, 234)",844
"GP010016_fast.mp4_crab_(292, 205)","(342, 234)",845
"GP010016_fast.mp4_crab_(292, 205)","(342, 234)",846
"GP010016_fast.mp4_crab_(292, 205)","(342, 234)",847
"GP010016_fast.mp4_crab_(292, 205)","(343, 234)",848
"GP010016_fast.mp4_crab_(292, 205)","(343, 234)",849
"GP010016_fast.mp4_crab_(292, 205)","(343, 235)",850
"GP010016_fast.mp4_crab_(292, 205)","(343, 235)",851
"GP010016_fast.mp4_crab_(292, 205)","(344, 236)",852
"GP010016_fast.mp4_crab_(292, 205)","(346, 238)",853
"GP010016_fast.mp4_crab_(292, 205)","(347, 238)",854
"GP010016_fast.mp4_crab_(292, 205)","(348, 238)",855
"GP010016_fast.mp4_crab_(292, 205)","(349, 240)",856
"GP010016_fast.mp4_crab_(292, 205)","(349, 241)",857
"GP010016_fast.mp4_crab_(292, 205)","(349, 243)",858
"GP010016_fast.mp4_crab_(292, 205)","(349, 245)",859
"GP010016_fast.mp4_crab_(292, 205)","(350, 246)",860
"GP010016_fast.mp4_crab_(292, 205)","(350, 249)",861
"GP010016_fast.mp4_crab_(292, 205)","(350, 249)",862
"GP010016_fast.mp4_crab_(292, 205)","(351, 249)",863
"GP010016_fast.mp4_crab_(292, 205)","(351, 250)",864
"GP010016_fast.mp4_crab_(292, 205)","(350, 251)",865
"GP010016_fast.mp4_crab_(292, 205)","(351, 251)",866
"GP010016_fast.mp4_crab_(292, 205)","(350, 251)",867
"GP010016_fast.mp4_crab_(292, 205)","(351, 252)",868
"GP010016_fast.mp4_crab_(292, 205)","(350, 254)",869
"GP010016_fast.mp4_crab_(292, 205)","(351, 254)",870
"GP010016_fast.mp4_crab_(292, 205)","(353, 255)",871
"GP010016_fast.mp4_crab_(292, 205)","(354, 256)",872
"GP010016_fast.mp4_crab_(292, 205)","(354, 257)",873
"GP010016_fast.mp4_crab_(292, 205)","(353, 259)",874
"GP010016_fast.mp4_crab_(292, 205)","(354, 260)",875
"GP010016_fast.mp4_crab_(292, 205)","(355, 261)",876
"GP010016_fast.mp4_crab_(292, 205)","(355, 262)",877
"GP010016_fast.mp4_crab_(292, 205)","(356, 263)",878
"GP010016_fast.mp4_crab_(292, 205)","(356, 263)",879
"GP010016_fast.mp4_crab_(292, 205)","(356, 264)",880
"GP010016_fast.mp4_crab_(292, 205)","(356, 263)",881
"GP010016_fast.mp4_crab_(292, 205)","(356, 264)",882
"GP010016_fast.mp4_crab_(292, 205)","(356, 263)",883
"GP010016_fast.mp4_crab_(292, 205)","(356, 263)",884
"GP010016_fast.mp4_crab_(292, 205)","(356, 263)",885
"GP010016_fast.mp4_crab_(292, 205)","(356, 263)",886
"GP010016_fast.mp4_crab_(292, 205)","(356, 263)",887
"GP010016_fast.mp4_crab_(292, 205)","(356, 263)",888
"GP010016_fast.mp4_crab_(292, 205)","(356, 263)",889
"GP010016_fast.mp4_crab_(292, 205)","(356, 263)",890
"GP010016_fast.mp4_crab_(292, 205)","(355, 264)",891
"GP010016_fast.mp4_crab_(292, 205)","(356, 263)",892
"GP010016_fast.mp4_crab_(292, 205)","(356, 263)",893
"GP010016_fast.mp4_crab_(292, 205)","(356, 263)",894
"GP010016_fast.mp4_crab_(292, 205)","(355, 263)",895
"GP010016_fast.mp4_crab_(292, 205)","(356, 263)",896
"GP010016_fast.mp4_crab_(292, 205)","(356, 263)",897
"GP010016_fast.mp4_crab_(292, 205)","(356, 263)",898
"GP010016_fast.mp4_crab_(292, 205)","(356, 263)",899
"GP010016_fast.mp4_crab_(292, 205)","(355, 264)",900
"GP010016_fast.mp4_crab_(292, 205)","(355, 264)",901
"GP010016_fast.mp4_crab_(292, 205)","(354, 264)",902
"GP010016_fast.mp4_crab_(292, 205)","(354, 264)",903
"GP010016_fast.mp4_crab_(292, 205)","(354, 265)",904
"GP010016_fast.mp4_crab_(292, 205)","(353, 266)",905
"GP010016_fast.mp4_crab_(292, 205)","(353, 266)",906
"GP010016_fast.mp4_crab_(292, 205)","(352, 267)",907
"GP010016_fast.mp4_crab_(292, 205)","(351, 269)",908
"GP010016_fast.mp4_crab_(292, 205)","(350, 271)",909
"GP010016_fast.mp4_crab_(292, 205)","(350, 270)",910
"GP010016_fast.mp4_crab_(292, 205)","(351, 269)",911
"GP010016_fast.mp4_crab_(292, 205)","(351, 271)",912
"GP010016_fast.mp4_crab_(292, 205)","(352, 271)",913
"GP010016_fast.mp4_crab_(292, 205)","(350, 271)",914
"GP010016_fast.mp4_crab_(292, 205)","(354, 270)",915
"GP010016_fast.mp4_crab_(292, 205)","(353, 271)",916
"GP010016_fast.mp4_crab_(292, 205)","(362, 280)",917
"GP010016_fast.mp4_crab_(292, 205)","(364, 281)",918
"GP010016_fast.mp4_crab_(292, 205)","(364, 284)",919
"GP010016_fast.mp4_crab_(292, 205)","(364, 288)",920
"GP010016_fast.mp4_crab_(292, 205)","(368, 294)",921
"GP010016_fast.mp4_crab_(292, 205)","(370, 297)",922
"GP010016_fast.mp4_crab_(292, 205)","(372, 302)",923
"GP010016_fast.mp4_crab_(292, 205)","(374, 304)",924
"GP010016_fast.mp4_crab_(292, 205)","(376, 306)",925
"GP010016_fast.mp4_crab_(292, 205)","(375, 305)",926
"GP010016_fast.mp4_crab_(292, 205)","(377, 309)",927
"GP010016_fast.mp4_crab_(292, 205)","(377, 309)",928
"GP010016_fast.mp4_crab_(292, 205)","(379, 317)",929
"GP010016_fast.mp4_crab_(292, 205)","(381, 321)",930
"GP010016_fast.mp4_crab_(292, 205)","(378, 321)",931
"GP010016_fast.mp4_crab_(292, 205)","(379, 321)",932
"GP010016_fast.mp4_crab_(292, 205)","(379, 323)",933
"GP010016_fast.mp4_crab_(292, 205)","(379, 326)",934
"GP010016_fast.mp4_crab_(292, 205)","(382, 320)",935
"GP010016_fast.mp4_crab_(292, 205)","(382, 320)",936
"GP010016_fast.mp4_crab_(292, 205)","(383, 326)",937
"GP010016_fast.mp4_crab_(292, 205)","(383, 327)",938
"GP010016_fast.mp4_crab_(292, 205)","(382, 327)",939
"GP010016_fast.mp4_crab_(292, 205)","(384, 324)",940
"GP010016_fast.mp4_crab_(292, 205)","(384, 325)",941
"GP010016_fast.mp4_crab_(292, 205)","(382, 326)",942
